Iphone X 256 Gb Silver | Second Iphone X 256 Gb | Fullset,Rp4.500.000,Jakarta UtaraMrMaid Store
hp samsung e1272 termurah original jadul samsung lipat dual sim,Rp152.100,Jakarta UtaraLittle Master.shop
Samsung Galaxy A12 Garansi Resmi Sein,Rp2.099.000,BekasiPusat Grosir HP
Iphone 11 Pro max 64 256 512 second Fullset Ex Inter,Rp9.700.000,Jakarta BaratTurunHargaBOS
hp samsung gt 3592 murah original samsung lipat camera dual sim,Rp258.900,Jakarta UtaraLittle Master.shop
Samsung Galaxy A12 4/128 GB Garansi Resmi SEIN,Rp2.160.000,Jakarta PusatGudang-HP
"Xiaomi Official Redmi 9A 2/32GB 6.53"" HD Mi Smartphone AI Face Unlock",Rp1.399.000,Kab. TangerangXiaomi Official Store
Samsung Galaxy A12 6/128 GB Garansi Resmi SEIN,Rp2.377.000,Jakarta PusatGudang-HP
Xiaomi Redmi Note 9 6/128 GB Garansi Resmi,Rp2.443.000,Jakarta PusatGudang-HP
NOKIA 105 KING 2019 GARANSI RESMI TAM,Rp230.000,KediriGarden Cell Official
Oppo F1s Ram 4 Rom 32 GB,Rp759.900,Kab. BogorBerkah_Bintang Store
Iphone x 64gbGB fullset second original mulus,Rp4.190.000,Jakarta Pusatyunishop00
Samsung Galaxy S10+ S10 Plus Bekas Samsung S10 Plus Second Mulus Origi,Rp4.880.000,Jakarta Pusatoscar68
iPhone 11 64GB 128Gb 256Gb Bekas Fullset Second Mulus,Rp7.000.000,Jakarta UtaraGNT
Apple iPhone 13 Pro Max Resmi iBox / Digimap,Rp20.999.000,Jakarta UtaraSAMSUNG ACC
(IBOX) iPhone XR 64GB 128GB 256GB Garansi Resmi TAM 1 Tahun 64 128 256,Rp7.990.000,Jakarta PusatPutra Group
"Infinix Smart 5 2/32 & 3/64 GB Garansi Resmi, IMEI terdaftar",Rp1.379.000,Jakarta Baratduniagadgetku
OPPO A15 RAM 3/32 GB GARANSI RESMI OPPO INDONESIA,Rp1.639.000,Jakarta BaratGrandstore cell
OPPO A54 Smartphone 4GB/64GB (Garansi Resmi),Rp2.499.000,TangerangOPPO OFFICIAL STORE
VIVO Y12 RAM 3/64 GARANSI RESMI VIVO INDONESIA,Rp1.549.900,Jakarta Barat189 CELL
iPhone 12 mini 64Gb 128Gb 256Gb Bekas Fullset Second Mulus,Rp8.999.999,Jakarta UtaraGNT
iPhone 13 Pro iBox 128GB 256GB 512GB 1TB Garansi Resmi IBOX,Rp20.999.000,Jakarta PusatMARKAS APPLE
[SECOND] iPhone 12 Pro Max 128GB 256GB 512GB Bekas Second Ori FULL SET,Rp15.400.000,Jakarta BaratWah Gadget
iPhone xs 256gb second Ex inter no minus,Rp5.950.000,Jakarta BaratMatahari Store Online
Hp SAMSUNG LIPAT E1272 TERMURAH dual sim 2 Garansi Distributor,Rp155.000,Tangerangsodo shop
OPPO A9 2020 RAM 8/128 GB GARANSI RESMI OPPO INDONESIA,Rp2.809.000,Jakarta BaratGrandstore cell
[DUAL SIM]iPhone 128GB / 128 XR - Black White Yellow Red Coral Blue,Rp7.999.000,Jakarta Pusattokohapedia
NOKIA NEW 105 Thn 2019 Garansi Resmi Nokia,Rp220.000,Jakarta UtaraGADING BINTANG
OPPO RENO 4F RAM 8/128 GB GARANSI RESMI OPPO INDONESIA,Rp3.229.000,Jakarta BaratGrandstore cell
OPPO A5S RAM 3/32 GARANSI RESMI OPPO INDONESIA,Rp1.219.000,Jakarta Barat189 CELL
